Id,OrderId,ItemId
9b5e7ad8-1760-40ed-8dcc-227abf69ed8f,99c36752-03bd-4002-8619-90786e9fb639,bfb8fffa-3fcc-450a-872a-63574eb222b6
88816ffa-54a2-4d34-9033-1268e8c1848d,be13e959-75c1-499e-bc16-19f70e033962,a7f2dc3f-74da-4b51-bdea-664dd7d20c86
6d256c7b-ba30-41eb-80be-199a6e97a9c5,be13e959-75c1-499e-bc16-19f70e033962,fcaae824-7594-4ca1-a5b7-8191d7478dea
12fe4a72-3aa6-4f83-98d6-f1c6307ae40d,87b2fa5f-8859-4722-828f-dd23f38e9acb,fcaae824-7594-4ca1-a5b7-8191d7478dea
fe293a27-339b-4274-b870-67538e79a5b1,34999650-1dab-45eb-89bc-120f522128d3,9676e0f3-073d-40e3-abda-7a72265fc092
81486386-f854-455d-8a2e-d5a6abaed0e1,87b2fa5f-8859-4722-828f-dd23f38e9acb,15571ea1-2816-45c4-9b17-b531be5b2e0e
56b16280-51d7-450a-bec0-0bb58e8e8ded,99c36752-03bd-4002-8619-90786e9fb639,9168a1e8-7c55-4586-a585-7d7cbacae5a7
5df667cd-142a-447a-a4cc-b23f793a8f0b,fbef0cec-e426-4a06-a141-ff96ecdc0915,fcaae824-7594-4ca1-a5b7-8191d7478dea
1ed5749a-a1f1-4ee4-b4ef-84068600bbf0,34999650-1dab-45eb-89bc-120f522128d3,9676e0f3-073d-40e3-abda-7a72265fc092
9bf296d7-ea55-4eea-b47e-f20fe8a3d9bc,99c36752-03bd-4002-8619-90786e9fb639,9676e0f3-073d-40e3-abda-7a72265fc092
